"Index","Cela Prompt","User Prompt","User IP","Images","Reference Image","Published Image","Published","Created At","Time spent"
"","","","","","","","","",""
"","","","","","","","","",""
"","","","","","","","","",""
"","","","","","","","","",""
"","","","","","","","","",""
"","","","","","","","","",""
"","","","","","","","","",""
"","","","","","","","","",""
"","","","","","","","","",""
"","","","","","","","","",""
"","","","","","","","","",""
"","","","","","","","","",""
"","","","","","","","","",""
"","","","","","","","","",""
"","","","","","","","","",""
"","","","","","","","","",""
"","","","","","","","","",""